Date,Mood
2025-03-09,Neutral

2025-03-10,Sad

2025-03-11,Neutral

2025-03-14,Angry

2025-03-20,Neutral

2025-03-21,Happy

2025-03-09,Neutral
2025-03-09,Neutral
2025-03-09,Neutral
2025-03-09,Neutral
2025-03-09,Neutral
2025-03-09,Neutral
2025-03-09,Neutral
2025-03-09,Neutral
2025-03-09,Angry
2025-03-09,Angry
2025-03-09,Angry
2025-03-09,Angry
2025-03-09,Angry
2025-03-09,Angry
2025-03-09,Angry
2025-03-09,Angry
2025-03-09,Angry
2025-03-09,Angry
2025-03-09,Angry
2025-03-09,Angry
2025-03-09,Angry
2025-03-09,Angry
2025-03-09,Happy
2025-03-10,Neutral
2025-03-10,Angry
2025-03-10,Neutral
2025-03-10,Neutral
2025-03-10,Neutral
2025-03-10,Neutral
2025-03-10,Happy
2025-03-10,Happy
2025-03-10,Sad
2025-03-10,Sad
2025-03-10,Neutral
2025-03-10,Sad
2025-03-10,Sad
2025-03-10,Sad
2025-03-10,Sad
2025-03-10,Sad
2025-03-10,Sad
2025-03-10,Neutral
